<?xml version="1.0" encoding="UTF-8"?>
<!DOCTYPE log4j:configuration PUBLIC "-//APACHE//DTD LOG4J 1.2//EN" "http://logging.apache.org/log4j/1.2/apidocs/org/apache/log4j/xml/doc-files/log4j.dtd">
<log4j:configuration debug="true"  
    xmlns:log4j='http://jakarta.apache.org/log4j/'>  
  
  	 <appender name="file" class="org.apache.log4j.RollingFileAppender">  
       <param name="append" value="false" />  
       <param name="maxFileSize" value="10KB" />  
       <param name="maxBackupIndex" value="5" />  
         
       <param name="file" value="log4j/QueryLog.log" />  
       <layout class="org.apache.log4j.PatternLayout">  
        <param name="ConversionPattern"   
            value="%d{yyyy-MM-dd HH:mm:ss} %-5p %c{1}:%L - %m%n" />  
       </layout>  
    </appender>  
  
    <root>  
        <level value="INFO" />  
        <appender-ref ref="file" />  
    </root>  
</log4j:configuration>  